"FileName","FileSize_MB","Duration","Dimensions","Bitrate"
"custom1-v1.mp4","1.78","00:00:03","","‎86kbps"
"custom10-v1.mp4","2.32","00:00:04","","‎88kbps"
"custom11-v1.mp4","2.78","00:00:05","","‎87kbps"
"custom12-v1.mp4","4","00:00:08","","‎93kbps"
"custom13-v1.mp4","1.96","00:00:04","","‎96kbps"
"custom14-v1.mp4","3.17","00:00:06","","‎96kbps"
"custom15-v1.mp4","1.97","00:00:03","","‎94kbps"
"custom16-v1.mp4","3.45","00:00:06","","‎90kbps"
"custom17-v1.mp4","8.3","00:00:03","","‎85kbps"
"custom18-v1.mp4","2.21","00:00:04","","‎104kbps"
"custom19-v1.mp4","3","00:00:05","","‎91kbps"
"custom2-v1.mp4","2.68","00:00:05","","‎100kbps"
"custom20-v1.mp4","3.22","00:00:06","","‎87kbps"
"custom21-v1.mp4","2.22","00:00:04","","‎87kbps"
"custom22-v1.mp4","2.59","00:00:05","","‎100kbps"
"custom23-v1.mp4","2.95","00:00:05","","‎93kbps"
"custom24-v1.mp4","3.35","00:00:06","","‎88kbps"
"custom25-v1.mp4","3.17","00:00:06","","‎100kbps"
"custom26-v1.mp4","2.29","00:00:04","","‎88kbps"
"custom27-v1.mp4","1.75","00:00:03","","‎86kbps"
"custom28-v1.mp4","2.27","00:00:04","","‎88kbps"
"custom29-v1.mp4","3.41","00:00:06","","‎90kbps"
"custom3-v1.mp4","3.57","00:00:07","","‎93kbps"
"custom30-v1.mp4","1.72","00:00:03","","‎109kbps"
"custom31-v1.mp4","2.59","00:00:05","","‎100kbps"
"custom32-v1.mp4","2.28","00:00:04","","‎86kbps"
"custom33-v1.mp4","3.86","00:00:08","","‎92kbps"
"custom33-v2.mp4","2.22","00:00:04","","‎103kbps"
"custom34-v1.mp4","2.73","00:00:05","","‎86kbps"
"custom35-v1.mp4","2.19","00:00:04","","‎104kbps"
"custom36-v1.mp4","1.53","00:00:03","","‎101kbps"
"custom37-v1.mp4","2.26","00:00:04","","‎107kbps"
"custom38-v1.mp4","2.3","00:00:04","","‎89kbps"
"custom39-v1.mp4","4.77","00:00:04","","‎92kbps"
"custom4-v1.mp4","3.39","00:00:06","","‎90kbps"
"custom40-v1.mp4","5.49","00:00:03","","‎86kbps"
"custom41-v1.mp4","8.14","00:00:03","","‎112kbps"
"custom42-v1.mp4","6.04","00:00:04","","‎97kbps"
"custom43-v1.mp4","7.52","00:00:03","","‎106kbps"
"custom44-v1.mp4","5.42","00:00:03","","‎85kbps"
"custom45-v1.mp4","4.89","00:00:03","","‎100kbps"
"custom46-v1.mp4","5.49","00:00:03","","‎107kbps"
"custom47-v1.mp4","5.52","00:00:03","","‎85kbps"
"custom48-v1.mp4","5.52","00:00:03","","‎85kbps"
"custom49-v1.mp4","7.4","00:00:04","","‎93kbps"
"custom5-v1.mp4","3.56","00:00:07","","‎95kbps"
"custom50-v1.mp4","8.21","00:00:03","","‎111kbps"
"custom52-v1.mp4","10.25","00:00:04","","‎98kbps"
"custom53-v1.mp4","8.45","00:00:03","","‎89kbps"
"custom54-v1.mp4","8.07","00:00:03","","‎107kbps"
"custom55-v1.mp4","8.11","00:00:03","","‎98kbps"
"custom56-v1.mp4","6.51","00:00:03","","‎92kbps"
"custom57-v1.mp4","9.58","00:00:04","","‎98kbps"
"custom58-v1.mp4","8.44","00:00:03","","‎92kbps"
"custom59-v1.mp4","10.8","00:00:04","","‎105kbps"
"custom6-v1.mp4","3.44","00:00:06","","‎92kbps"
"custom7-v1.mp4","3.21","00:00:06","","‎87kbps"
"custom8-v1.mp4","2.83","00:00:05","","‎90kbps"
"custom9-v1.mp4","2.84","00:00:05","","‎92kbps"
